PassengerId,Survived,Pclass,Sex,Age,SibSp,Parch,Fare,HasCabin,Embarked_Q,Embarked_S,Title_Miss,Title_Mr,Title_Mrs,Title_Rare
1,0,3,0,-0.5574601720312115,1,0,-0.5024451714361923,0,False,True,False,True,False,False
2,1,1,1,0.6490906666288329,1,0,0.7868452935884461,1,False,False,False,False,True,False
3,1,3,1,-0.25582246236620043,0,0,-0.4888542575852486,0,False,True,True,False,False,False
4,1,1,1,0.42286238438007456,1,0,0.4207302360686478,1,False,True,False,False,True,False
5,0,3,0,0.42286238438007456,0,0,-0.4863374216869257,0,False,True,False,True,False,False
6,0,3,0,0.04581524729881069,0,0,-0.47811642890864375,0,True,False,False,True,False,False
7,0,1,0,1.8556415052888773,0,0,0.395813560675251,1,False,True,False,True,False,False
8,0,3,0,-2.065648720356267,3,1,-0.22408312108167944,0,False,True,False,False,False,False
9,1,3,1,-0.18041303494994762,0,2,-0.4242561406845337,0,False,True,False,False,True,False
10,1,2,1,-1.1607355913612336,1,0,-0.04295550208861426,0,False,False,False,False,True,False
11,1,3,1,-1.9148298655237614,1,1,-0.312172377522981,1,False,True,True,False,False,False
12,1,1,1,2.1572792149538884,0,0,-0.11384570873513637,1,False,True,True,False,False,False
13,0,3,0,-0.708279026863717,0,0,-0.4863374216869257,0,False,True,False,True,False,False
14,0,3,0,0.7245000940450856,1,5,-0.01870931177853076,0,False,True,False,True,False,False
15,0,3,1,-1.1607355913612336,0,0,-0.4902797934380587,0,False,True,True,False,False,False
16,1,2,1,1.93105093270513,0,0,-0.3262666585535892,0,False,True,False,False,True,False
17,0,3,0,-2.065648720356267,4,1,-0.06199888922968463,0,True,False,False,False,False,False
18,1,2,0,0.04581524729881069,0,0,-0.3866707201133388,0,False,True,False,True,False,False
19,0,3,1,0.12122467471506346,1,0,-0.2859972841804228,0,False,True,False,False,True,False
20,1,3,1,0.42286238438007456,0,0,-0.5029485386158568,0,False,False,False,False,True,False
21,0,2,0,0.42286238438007456,0,0,-0.12491978668775715,0,False,True,False,True,False,False
22,1,2,0,0.3474529569638218,0,0,-0.3866707201133388,1,False,True,False,True,False,False
23,1,3,1,-1.085326163944981,0,0,-0.4867562231804066,0,True,False,True,False,False,False
24,1,1,0,-0.10500360753369486,0,0,0.06635974158478332,1,False,True,False,True,False,False
25,0,3,1,-1.6131921558587503,3,1,-0.22408312108167944,0,False,True,True,False,False,False
26,1,3,1,0.6490906666288329,1,5,-0.016444159470040135,0,False,True,False,False,True,False
27,0,3,0,0.04581524729881069,0,0,-0.5029485386158568,0,False,False,False,True,False,False
28,0,1,0,-0.7836884542799698,3,2,4.647001076532463,1,False,True,False,True,False,False
29,1,3,1,-0.6328695994474642,0,0,-0.48977642625839407,0,True,False,True,False,False,False
30,0,3,0,0.04581524729881069,0,0,-0.4894421904510968,0,False,True,False,True,False,False
31,0,1,0,0.7999095214613384,0,0,-0.09027201697708476,0,False,False,False,False,False,True
32,1,1,1,0.42286238438007456,1,0,2.301728820789,1,False,False,False,False,True,False
33,1,3,1,-0.6328695994474642,0,0,-0.49237782784290063,0,True,False,True,False,False,False
34,0,2,0,2.7605546342839102,0,0,-0.43700743807979686,0,False,True,False,True,False,False
35,0,1,0,-0.10500360753369486,1,0,1.0060617003323709,0,False,False,False,True,False,False
36,0,1,0,0.950728376293844,1,0,0.39858208016340624,0,False,True,False,True,False,False
37,1,3,0,0.04581524729881069,0,0,-0.5028639729296732,0,False,False,False,True,False,False
38,0,3,0,-0.6328695994474642,0,0,-0.4863374216869257,0,False,True,False,True,False,False
39,0,3,1,-0.8590978816962226,2,0,-0.2859972841804228,0,False,True,True,False,False,False
40,1,3,1,-1.1607355913612336,1,0,-0.42207354059350805,0,False,False,True,False,False,False
41,0,3,1,0.7999095214613384,1,0,-0.4576454924460446,0,False,True,False,False,True,False
42,0,2,1,-0.18041303494994762,1,0,-0.22559322262067316,0,False,True,False,False,True,False
43,0,3,0,0.04581524729881069,0,0,-0.4894421904510968,0,False,False,False,True,False,False
44,1,2,1,-1.9902392929400141,1,2,0.18876253192945994,0,False,False,True,False,False,False
45,1,3,1,-0.7836884542799698,0,0,-0.48977642625839407,0,True,False,True,False,False,False
46,0,3,0,0.04581524729881069,0,0,-0.4863374216869257,0,False,True,False,True,False,False
47,0,3,0,0.04581524729881069,1,0,-0.3363340021468808,0,True,False,False,True,False,False
48,1,3,1,-0.6328695994474642,0,0,-0.49237782784290063,0,True,False,True,False,False,False
49,0,3,0,0.04581524729881069,2,0,-0.21191774308354583,0,False,False,False,True,False,False
50,0,3,1,-0.8590978816962226,1,0,-0.29002422161773944,0,False,True,False,False,True,False
51,0,3,0,-1.6886015832750032,4,1,0.1506737441786005,0,False,True,False,False,False,False
52,0,3,0,-0.6328695994474642,0,0,-0.4913710934835715,0,False,True,False,True,False,False
53,1,1,1,1.4785943682076135,1,0,0.8964967865378598,1,False,False,False,False,True,False
54,1,2,1,-0.029594180117442085,1,0,-0.12491978668775715,0,False,True,False,False,True,False
55,0,1,0,2.6851452068676576,0,1,0.5995101505357573,1,False,False,False,True,False,False
56,1,1,0,0.04581524729881069,0,0,0.06635974158478332,1,False,True,False,True,False,False
57,1,2,1,-0.6328695994474642,0,0,-0.43700743807979686,0,False,True,True,False,False,False
58,0,3,0,-0.06729889382556847,0,0,-0.5028639729296732,0,False,False,False,True,False,False
59,1,2,1,-1.8394204381075085,1,2,-0.08968408411123653,0,False,True,True,False,False,False
60,0,3,0,-1.386963873609992,5,2,0.2958951755118318,0,False,True,False,False,False,False
61,0,3,0,-0.5574601720312115,0,0,-0.5028639729296732,0,False,False,False,True,False,False
62,1,1,1,0.6490906666288329,0,0,0.962353321387736,1,False,True,True,False,False,False
63,0,1,0,1.1769566585426023,1,0,1.0323213593611125,1,False,True,False,True,False,False
64,0,3,0,-1.9148298655237614,3,2,-0.08666388103324908,0,False,True,False,False,False,False
65,0,1,0,0.04581524729881069,0,0,-0.09027201697708476,0,False,False,False,True,False,False
66,1,3,0,-1.9525345792318878,1,1,-0.3414522396297103,0,False,False,False,False,False,False
67,1,2,1,-0.029594180117442085,0,0,-0.43700743807979686,1,False,True,False,False,True,False
68,0,3,0,-0.7836884542799698,0,0,-0.4841568350646187,0,False,True,False,True,False,False
69,1,3,1,-0.9345073091124754,4,2,-0.4888542575852486,0,False,True,True,False,False,False
70,0,3,0,-0.25582246236620043,2,0,-0.47400492578514347,0,False,True,False,True,False,False
71,0,2,0,0.19663410213131624,0,0,-0.43700743807979686,0,False,True,False,True,False,False
72,0,3,1,-1.009916736528728,5,2,0.2958951755118318,0,False,True,True,False,False,False
73,0,2,0,-0.6328695994474642,0,0,0.8314778546749452,0,False,True,False,True,False,False
74,0,3,0,-0.25582246236620043,1,0,-0.3573908580066095,0,False,False,False,True,False,False
75,1,3,0,0.19663410213131624,0,0,0.48910360681684706,0,False,True,False,True,False,False
76,0,3,0,-0.33123188978245316,0,0,-0.494391296561559,1,False,True,False,True,False,False
77,0,3,0,0.04581524729881069,0,0,-0.4894421904510968,0,False,True,False,True,False,False
78,0,3,0,0.04581524729881069,0,0,-0.4863374216869257,0,False,True,False,True,False,False
79,1,2,0,-2.1538777504332827,0,2,-0.06451572512800753,0,False,True,False,False,False,False
80,1,3,1,0.04581524729881069,0,0,-0.397241430886295,0,False,True,True,False,False,False
81,0,3,0,-0.5574601720312115,0,0,-0.46720946885967163,0,False,True,False,True,False,False
82,1,3,0,-0.029594180117442085,0,0,-0.45714212526638004,0,False,True,False,True,False,False
83,1,3,1,-0.6328695994474642,0,0,-0.49162277707340374,0,True,False,True,False,False,False
84,0,1,0,-0.10500360753369486,0,0,0.29992211294914856,0,False,True,False,True,False,False
85,1,2,1,-0.9345073091124754,0,0,-0.43700743807979686,0,False,True,True,False,False,False
86,1,3,1,0.272043529547569,3,0,-0.32928686163157667,0,False,True,False,False,True,False
87,0,3,0,-1.009916736528728,1,3,0.04370821849987721,0,False,True,False,True,False,False
88,0,3,0,0.04581524729881069,0,0,-0.4863374216869257,0,False,True,False,True,False,False
89,1,1,1,-0.4820507446149587,3,2,4.647001076532463,1,False,True,True,False,False,False
90,0,3,0,-0.40664131719870594,0,0,-0.4863374216869257,0,False,True,False,True,False,False
91,0,3,0,-0.029594180117442085,0,0,-0.4863374216869257,0,False,True,False,True,False,False
92,0,3,0,-0.708279026863717,0,0,-0.4902797934380587,0,False,True,False,True,False,False
93,0,1,0,1.252366085958855,1,0,0.5833178351003071,1,False,True,False,True,False,False
94,0,3,0,-0.25582246236620043,1,2,-0.23415046467497105,0,False,True,False,True,False,False
95,0,3,0,2.232688642370141,0,0,-0.5024451714361923,0,False,True,False,True,False,False
96,0,3,0,0.04581524729881069,0,0,-0.4863374216869257,0,False,True,False,True,False,False
97,0,1,0,3.137601771365174,0,0,0.0493298231623713,1,False,False,False,True,False,False
98,1,1,0,-0.4820507446149587,0,1,0.6272778976347743,1,False,False,False,True,False,False
99,1,2,1,0.3474529569638218,0,1,-0.18532384824750675,0,False,True,False,False,True,False
100,0,2,0,0.3474529569638218,1,0,-0.12491978668775715,0,False,True,False,True,False,False
101,0,3,1,-0.10500360753369486,0,0,-0.4894421904510968,0,False,True,True,False,False,False
102,0,3,0,0.04581524729881069,0,0,-0.4894421904510968,0,False,True,False,True,False,False
103,0,1,0,-0.6328695994474642,0,1,0.907737982394129,1,False,True,False,True,False,False
104,0,3,0,0.272043529547569,0,0,-0.4741720436887921,0,False,True,False,True,False,False
105,0,3,0,0.5736812392125801,2,0,-0.4888542575852486,0,False,True,False,True,False,False
106,0,3,0,-0.10500360753369486,0,0,-0.4894421904510968,0,False,True,False,True,False,False
107,1,3,1,-0.6328695994474642,0,0,-0.494391296561559,0,False,True,True,False,False,False
108,1,3,0,0.04581524729881069,0,0,-0.4918744606632361,0,False,True,False,True,False,False
109,0,3,0,0.6490906666288329,0,0,-0.4894421904510968,0,False,True,False,True,False,False
110,1,3,1,-0.6328695994474642,1,0,-0.1621689579829361,0,True,False,True,False,False,False
111,0,1,0,1.327775513375108,0,0,0.39858208016340624,1,False,True,False,True,False,False
112,0,3,1,-1.1230308776531073,1,0,-0.3573908580066095,0,False,False,True,False,False,False
113,0,3,0,-0.5574601720312115,0,0,-0.4863374216869257,0,False,True,False,True,False,False
114,0,3,1,-0.708279026863717,1,0,-0.4505983519307405,0,False,True,True,False,False,False
115,0,3,1,-0.9345073091124754,0,0,-0.3573083057891445,0,False,False,True,False,False,False
116,0,3,0,-0.6328695994474642,0,0,-0.4888542575852486,0,False,True,False,True,False,False
117,0,3,0,3.099897057657048,0,0,-0.49237782784290063,0,True,False,False,True,False,False
118,0,2,0,-0.029594180117442085,1,0,-0.22559322262067316,0,False,True,False,True,False,False
119,0,1,0,-0.40664131719870594,0,1,4.335332226633905,1,False,False,False,True,False,False
120,0,3,1,-2.065648720356267,4,2,-0.01870931177853076,0,False,True,True,False,False,False
121,0,2,0,-0.6328695994474642,2,0,0.8314778546749452,0,False,True,False,True,False,False
122,0,3,0,0.04581524729881069,0,0,-0.4863374216869257,0,False,True,False,True,False,False
123,0,2,0,0.23433881583944263,1,0,-0.04295550208861426,0,False,False,False,True,False,False
124,1,2,1,0.23433881583944263,0,0,-0.3866707201133388,1,False,True,True,False,False,False
125,0,1,0,1.8556415052888773,0,1,0.907737982394129,1,False,True,False,True,False,False
126,1,3,0,-1.3115544461937392,1,0,-0.42207354059350805,0,False,False,False,False,False,False
127,0,3,0,0.04581524729881069,0,0,-0.49237782784290063,0,True,False,False,True,False,False
128,1,3,0,-0.40664131719870594,0,0,-0.5046257580584992,0,False,True,False,True,False,False
129,1,3,1,-0.6328695994474642,1,1,-0.19824427701513722,1,False,False,True,False,False,False
130,0,3,0,1.1769566585426023,0,0,-0.5079822104125026,0,False,True,False,True,False,False
131,0,3,0,0.272043529547569,0,0,-0.4894421904510968,0,False,False,False,True,False,False
132,0,3,0,-0.708279026863717,0,0,-0.5064721088735089,0,False,True,False,True,False,False
133,0,3,1,1.327775513375108,1,0,-0.35646868933346404,0,False,True,False,False,True,False
134,1,2,1,-0.029594180117442085,1,0,-0.12491978668775715,0,False,True,False,False,True,False
135,0,2,0,-0.33123188978245316,0,0,-0.3866707201133388,0,False,True,False,True,False,False
136,0,2,0,-0.4820507446149587,0,0,-0.3454791770670269,0,False,False,False,True,False,False
137,1,1,1,-0.7836884542799698,0,2,-0.11921562980779811,1,False,True,True,False,False,False
138,0,1,0,0.5736812392125801,1,0,0.4207302360686478,1,False,True,False,True,False,False
139,0,3,0,-1.009916736528728,0,0,-0.4628462821463391,0,False,True,False,True,False,False
140,0,1,0,-0.40664131719870594,0,0,0.9462455716384695,1,False,False,False,True,False,False
141,0,3,1,0.42286238438007456,0,2,-0.3414522396297103,0,False,False,False,False,True,False
142,1,3,1,-0.5574601720312115,0,0,-0.49237782784290063,0,False,True,True,False,False,False
143,1,3,1,-0.40664131719870594,1,0,-0.32928686163157667,0,False,True,False,False,True,False
144,0,3,0,-0.7836884542799698,0,0,-0.5125125150294839,0,True,False,False,True,False,False
145,0,2,0,-0.8590978816962226,0,0,-0.41687275089321363,0,False,True,False,True,False,False
146,0,2,0,-0.7836884542799698,1,1,0.09152810056801232,0,False,True,False,True,False,False
147,1,3,0,-0.18041303494994762,0,0,-0.49145565916975514,0,False,True,False,True,False,False
148,0,3,1,-1.5377827284424976,2,2,0.04370821849987721,0,False,True,True,False,False,False
149,0,2,0,0.5359765255044537,0,2,-0.12491978668775715,1,False,True,False,True,False,False
150,0,2,0,0.950728376293844,0,0,-0.3866707201133388,0,False,True,False,False,False,True
151,0,2,0,1.629413223040119,0,0,-0.39623469652696586,0,False,True,False,False,False,True
152,1,1,1,-0.5574601720312115,1,0,0.6925485130875209,1,False,True,False,False,True,False
153,0,3,0,1.9687556464132565,0,0,-0.4863374216869257,0,False,True,False,True,False,False
154,0,3,0,0.8376142351694648,0,2,-0.35646868933346404,0,False,True,False,True,False,False
155,0,3,0,0.04581524729881069,0,0,-0.5011867534870308,0,False,True,False,True,False,False
156,0,1,0,1.629413223040119,0,1,0.5874293382238074,0,False,False,False,True,False,False
157,1,3,1,-1.009916736528728,0,0,-0.49271407711891657,0,True,False,True,False,False,False
158,0,3,0,0.04581524729881069,0,0,-0.4863374216869257,0,False,True,False,True,False,False
159,0,3,0,0.04581524729881069,0,0,-0.47400492578514347,0,False,True,False,True,False,False
160,0,3,0,-1.9525345792318878,8,2,0.7519458402879414,0,False,True,False,False,False,False
161,0,3,0,1.1015472311263494,0,1,-0.32425318983493084,0,False,True,False,True,False,False
162,1,2,1,0.7999095214613384,0,0,-0.331300330350235,0,False,True,False,False,True,False
163,0,3,0,-0.25582246236620043,0,0,-0.4918744606632361,0,False,True,False,True,False,False
164,0,3,0,-0.9345073091124754,0,0,-0.47400492578514347,0,False,True,False,True,False,False
165,0,3,0,-2.1410581477725197,4,1,0.1506737441786005,0,False,True,False,False,False,False
166,1,3,0,-1.5377827284424976,0,2,-0.2351571990343002,0,False,True,False,False,False,False
167,1,1,1,0.42286238438007456,0,1,0.4589861417231558,1,False,True,False,False,True,False
168,0,3,1,1.1769566585426023,1,4,-0.08666388103324908,0,False,True,False,False,True,False
169,0,1,0,0.04581524729881069,0,0,-0.12642988822675086,0,False,True,False,True,False,False
170,0,3,0,-0.10500360753369486,0,0,0.48910360681684706,0,False,True,False,True,False,False
171,0,1,0,2.383507497202647,0,0,0.026090367211616904,1,False,True,False,True,False,False
172,0,3,0,-1.9148298655237614,4,1,-0.06199888922968463,0,True,False,False,False,False,False
173,1,3,1,-2.1410581477725197,1,1,-0.4242561406845337,0,False,True,True,False,False,False
174,0,3,0,-0.6328695994474642,0,0,-0.4888542575852486,0,False,True,False,True,False,False
175,0,1,0,2.0064603601213826,0,0,-0.030371322596999754,1,False,False,False,True,False,False
176,0,3,0,-0.8590978816962226,1,1,-0.4902797934380587,0,False,True,False,True,False,False
177,0,3,0,-1.9525345792318878,3,1,-0.13565761536436197,0,False,True,False,False,False,False
178,0,1,1,1.5540037956238661,0,0,-0.07030444769415023,1,False,False,True,False,False,False
179,0,2,0,0.04581524729881069,0,0,-0.3866707201133388,0,False,True,False,True,False,False
180,0,3,0,0.49827181179632735,0,0,-0.6484216535389205,0,False,True,False,True,False,False
181,0,3,1,-0.6328695994474642,8,2,0.7519458402879414,0,False,True,True,False,False,False
182,0,2,0,0.04581524729881069,0,0,-0.34539461138084326,0,False,False,False,True,False,False
183,0,3,0,-1.5377827284424976,4,2,-0.016444159470040135,0,False,True,False,False,False,False
184,1,2,0,-2.1410581477725197,2,1,0.13683114673782454,1,False,True,False,False,False,False
185,1,3,1,-1.9148298655237614,0,2,-0.20495516825442542,0,False,True,True,False,False,False
186,0,1,0,0.04581524729881069,0,0,0.3583127057902398,1,False,True,False,True,False,False
187,1,3,1,0.42286238438007456,1,0,-0.3363340021468808,0,True,False,False,False,True,False
188,1,1,0,1.1769566585426023,0,0,-0.11384570873513637,0,False,True,False,True,False,False
189,0,3,0,0.7999095214613384,1,1,-0.3363340021468808,0,True,False,False,True,False,False
190,0,3,0,0.49827181179632735,0,0,-0.4894421904510968,0,False,True,False,True,False,False
191,1,2,1,0.19663410213131624,0,0,-0.3866707201133388,0,False,True,False,False,True,False
192,0,2,0,-0.7836884542799698,0,0,-0.3866707201133388,0,False,True,False,True,False,False
193,1,3,1,-0.7836884542799698,1,0,-0.4902797934380587,0,False,True,True,False,False,False
194,1,2,0,-1.9902392929400141,1,1,-0.12491978668775715,1,False,True,False,False,False,False
195,1,1,1,1.1015472311263494,0,0,-0.09027201697708476,1,False,False,False,False,True,False
196,1,1,1,2.1572792149538884,0,0,2.301728820789,1,False,False,True,False,False,False
197,0,3,0,0.04581524729881069,0,0,-0.49237782784290063,0,True,False,False,True,False,False
198,0,3,0,0.950728376293844,0,1,-0.47920571548543794,0,False,True,False,True,False,False
199,1,3,1,-0.6328695994474642,0,0,-0.49237782784290063,0,True,False,True,False,False,False
200,0,2,1,-0.40664131719870594,0,0,-0.3866707201133388,0,False,True,True,False,False,False
201,0,3,0,-0.10500360753369486,0,0,-0.45714212526638004,0,False,True,False,True,False,False
202,0,3,0,0.04581524729881069,8,2,0.7519458402879414,0,False,True,False,True,False,False
203,0,3,0,0.3474529569638218,0,0,-0.5176307525123133,0,False,True,False,True,False,False
204,0,3,0,1.2146613722507287,0,0,-0.5029485386158568,0,False,False,False,True,False,False
205,1,3,0,-0.8590978816962226,0,0,-0.4863374216869257,0,False,True,False,True,False,False
206,0,3,1,-2.065648720356267,0,1,-0.43776248884929375,1,False,True,True,False,False,False
207,0,3,0,0.19663410213131624,1,0,-0.32928686163157667,0,False,True,False,True,False,False
208,1,3,0,-0.25582246236620043,0,0,-0.2701412180209885,0,False,False,False,True,False,False
209,1,3,1,-1.009916736528728,0,0,-0.49237782784290063,0,True,False,True,False,False,False
210,1,1,0,0.7999095214613384,0,0,-0.024246350754841113,1,False,False,False,True,False,False
211,0,3,0,-0.40664131719870594,0,0,-0.5064721088735089,0,False,True,False,True,False,False
212,1,2,1,0.42286238438007456,0,0,-0.22559322262067316,0,False,True,True,False,False,False
213,0,3,0,-0.5574601720312115,0,0,-0.5024451714361923,0,False,True,False,True,False,False
214,0,2,0,0.04581524729881069,0,0,-0.3866707201133388,0,False,True,False,True,False,False
215,0,3,0,0.04581524729881069,1,0,-0.49237782784290063,0,True,False,False,True,False,False
216,1,1,1,0.12122467471506346,1,0,1.6323350375212924,1,False,False,True,False,False,False
217,1,3,1,-0.18041303494994762,0,0,-0.4888542575852486,0,False,True,True,False,False,False
218,0,2,0,0.950728376293844,1,0,-0.10478509950117394,0,False,True,False,True,False,False
219,1,1,1,0.19663410213131624,0,0,0.8876878608937296,1,False,False,True,False,False,False
220,0,2,0,0.04581524729881069,0,0,-0.43700743807979686,0,False,True,False,True,False,False
221,1,3,0,-1.009916736528728,0,0,-0.4863374216869257,0,False,True,False,True,False,False
222,0,2,0,-0.18041303494994762,0,0,-0.3866707201133388,0,False,True,False,True,False,False
223,0,3,0,1.629413223040119,0,0,-0.4863374216869257,0,False,True,False,True,False,False
224,0,3,0,0.04581524729881069,0,0,-0.4894421904510968,0,False,True,False,True,False,False
225,1,1,0,0.6490906666288329,1,0,1.163700193253568,1,False,True,False,True,False,False
226,0,3,0,-0.5574601720312115,0,0,-0.4601623283443675,0,False,True,False,True,False,False
227,1,2,0,-0.7836884542799698,0,0,-0.43700743807979686,0,False,True,False,True,False,False
228,0,3,0,-0.6705743131555907,0,0,-0.5024451714361923,0,False,True,False,True,False,False
229,0,2,0,-0.8590978816962226,0,0,-0.3866707201133388,0,False,True,False,True,False,False
230,0,3,1,-0.6328695994474642,3,1,-0.13565761536436197,0,False,True,True,False,False,False
231,1,1,1,0.42286238438007456,1,0,1.0323213593611125,1,False,True,False,False,True,False
232,0,3,0,-0.029594180117442085,0,0,-0.4918744606632361,0,False,True,False,True,False,False
233,0,2,0,2.232688642370141,0,0,-0.3766033765200472,0,False,True,False,True,False,False
234,1,3,1,-1.8394204381075085,4,2,-0.016444159470040135,0,False,True,True,False,False,False
235,0,2,0,-0.40664131719870594,0,0,-0.43700743807979686,0,False,True,False,True,False,False
236,0,3,1,-0.6328695994474642,0,0,-0.49640476528021726,0,False,True,True,False,False,False
237,0,2,0,1.1015472311263494,1,0,-0.12491978668775715,0,False,True,False,True,False,False
238,1,2,1,-1.6131921558587503,0,2,-0.11988611489111134,0,False,True,True,False,False,False
239,0,2,0,-0.7836884542799698,0,0,-0.43700743807979686,0,False,True,False,True,False,False
240,0,2,0,0.272043529547569,0,0,-0.4012683683236117,0,False,True,False,True,False,False
241,0,3,1,-0.6328695994474642,1,0,-0.3573908580066095,0,False,False,True,False,False,False
242,1,3,1,-0.6328695994474642,1,0,-0.3363340021468808,0,True,False,True,False,False,False
243,0,2,0,-0.029594180117442085,0,0,-0.43700743807979686,0,False,True,False,True,False,False
244,0,3,0,-0.5574601720312115,0,0,-0.5049620073345151,0,False,True,False,True,False,False
245,0,3,0,0.04581524729881069,0,0,-0.5029485386158568,0,False,False,False,True,False,False
246,0,1,0,1.1015472311263494,2,0,1.163700193253568,1,True,False,False,False,False,True
247,0,3,1,-0.33123188978245316,0,0,-0.4918744606632361,0,False,True,True,False,False,False
248,1,2,1,-0.40664131719870594,0,2,-0.35646868933346404,0,False,True,False,False,True,False
249,1,1,0,0.5736812392125801,1,1,0.40974072380221066,1,False,True,False,True,False,False
250,0,2,0,1.8556415052888773,1,0,-0.12491978668775715,0,False,True,False,False,False,True
251,0,3,0,0.04581524729881069,0,0,-0.5024451714361923,0,False,True,False,True,False,False
252,0,3,1,-0.029594180117442085,1,1,-0.43776248884929375,1,False,True,False,False,True,False
253,0,1,0,2.458916924618899,0,0,-0.11384570873513637,1,False,True,False,True,False,False
254,0,3,0,0.04581524729881069,1,0,-0.32425318983493084,0,False,True,False,True,False,False
255,0,3,1,0.8753189488775912,0,2,-0.2414492887801075,0,False,True,False,False,True,False
256,1,3,1,-0.029594180117442085,0,2,-0.3414522396297103,0,False,False,False,False,True,False
257,1,1,1,0.42286238438007456,0,0,0.9462455716384695,0,False,False,False,False,True,False
258,1,1,1,0.04581524729881069,0,0,1.093228788100527,1,False,True,True,False,False,False
259,1,1,1,0.42286238438007456,0,0,9.667166525013505,0,False,False,True,False,False,False
260,1,2,1,1.5540037956238661,0,1,-0.12491978668775715,0,False,True,False,False,True,False
261,0,3,0,0.04581524729881069,0,0,-0.49237782784290063,0,True,False,False,True,False,False
262,1,3,0,-1.9902392929400141,4,2,-0.016444159470040135,0,False,True,False,False,False,False
263,0,1,0,1.7048226504563717,1,1,0.955306180872432,1,False,True,False,True,False,False
264,0,1,0,0.7999095214613384,0,0,-0.6484216535389205,1,False,True,False,True,False,False
265,0,3,1,-0.6328695994474642,0,0,-0.49237782784290063,0,True,False,True,False,False,False
266,0,2,0,0.49827181179632735,0,0,-0.43700743807979686,0,False,True,False,True,False,False
267,0,3,0,-1.009916736528728,4,1,0.1506737441786005,0,False,True,False,True,False,False
268,1,3,0,-0.33123188978245316,1,0,-0.4918744606632361,0,False,True,False,True,False,False
269,1,1,1,2.1572792149538884,0,1,2.441497778832105,1,False,True,False,False,True,False
270,1,1,1,0.42286238438007456,0,0,2.0825124140450755,1,False,True,True,False,False,False
271,0,1,0,0.04581524729881069,0,0,-0.024246350754841113,0,False,True,False,True,False,False
272,1,3,0,-0.33123188978245316,0,0,-0.6484216535389205,0,False,True,False,True,False,False
273,1,2,1,0.8753189488775912,0,1,-0.255795253400548,0,False,True,False,False,True,False
274,0,1,0,0.5736812392125801,0,1,-0.05042144409739929,1,False,False,False,True,False,False
275,1,3,1,-0.6328695994474642,0,0,-0.49237782784290063,0,True,False,True,False,False,False
276,1,1,1,2.5343263520351518,1,0,0.921244330558889,1,False,True,True,False,False,False
277,0,3,1,1.1769566585426023,0,0,-0.49237782784290063,0,False,True,True,False,False,False
278,0,2,0,0.04581524729881069,0,0,-0.6484216535389205,0,False,True,False,True,False,False
279,0,3,0,-1.6886015832750032,4,1,-0.06199888922968463,0,True,False,False,False,False,False
280,1,3,1,0.42286238438007456,1,1,-0.24069423801061057,0,False,True,False,False,True,False
281,0,3,0,2.6851452068676576,0,0,-0.49237782784290063,0,True,False,False,True,False,False
282,0,3,0,-0.10500360753369486,0,0,-0.4902797934380587,0,False,True,False,True,False,False
283,0,3,0,-1.009916736528728,0,0,-0.45714212526638004,0,False,True,False,True,False,False
284,1,3,0,-0.7836884542799698,0,0,-0.4863374216869257,0,False,True,False,True,False,False
285,0,1,0,0.04581524729881069,0,0,-0.12491978668775715,1,False,True,False,True,False,False
286,0,3,0,0.272043529547569,0,0,-0.47400492578514347,0,False,False,False,True,False,False
287,1,3,0,0.04581524729881069,0,0,-0.45714212526638004,0,False,True,False,True,False,False
288,0,3,0,-0.5574601720312115,0,0,-0.4894421904510968,0,False,True,False,True,False,False
289,1,2,0,0.950728376293844,0,0,-0.3866707201133388,0,False,True,False,True,False,False
290,1,3,1,-0.5574601720312115,0,0,-0.49237782784290063,0,True,False,True,False,False,False
291,1,1,1,-0.25582246236620043,0,0,0.9391984311231651,0,False,True,True,False,False,False
292,1,1,1,-0.7836884542799698,1,0,1.1854295476653287,1,False,False,False,False,True,False
293,0,2,0,0.49827181179632735,0,0,-0.3891875560116617,1,False,False,False,True,False,False
294,0,3,1,-0.40664131719870594,0,0,-0.4702296719376591,0,False,True,True,False,False,False
295,0,3,0,-0.40664131719870594,0,0,-0.4894421904510968,0,False,True,False,True,False,False
296,0,1,0,0.04581524729881069,0,0,-0.09027201697708476,0,False,False,False,True,False,False
297,0,3,0,-0.44434603090683233,0,0,-0.5028639729296732,0,False,False,False,True,False,False
298,0,1,1,-2.065648720356267,1,2,2.4029901895877646,1,False,True,True,False,False,False
299,1,1,0,0.04581524729881069,0,0,-0.034313694348132716,1,False,True,False,True,False,False
300,1,1,1,1.5540037956238661,0,1,4.335332226633905,1,False,False,False,False,True,False
301,1,3,1,-0.6328695994474642,0,0,-0.49237782784290063,0,True,False,True,False,False,False
302,1,3,0,0.04581524729881069,2,0,-0.18029017645086096,0,True,False,False,True,False,False
303,0,3,0,-0.7836884542799698,0,0,-0.6484216535389205,0,False,True,False,True,False,False
304,1,2,1,-0.6328695994474642,0,0,-0.3997582667846179,1,True,False,True,False,False,False
305,0,3,0,0.04581524729881069,0,0,-0.4863374216869257,0,False,True,False,True,False,False
306,1,1,0,-2.1470909019658198,1,2,2.4029901895877646,1,False,True,False,False,False,False
307,1,1,1,-0.6328695994474642,0,0,1.5841789061771412,0,False,False,True,False,False,False
308,1,1,1,-0.9345073091124754,1,0,1.5442457810799908,1,False,False,False,False,True,False
309,0,2,0,0.04581524729881069,1,0,-0.16518916106092355,0,False,False,False,True,False,False
310,1,1,1,0.04581524729881069,0,0,0.49782998024351216,1,False,False,True,False,False,False
311,1,1,1,-0.40664131719870594,0,0,1.0259447039291216,1,False,False,True,False,False,False
312,1,1,1,-0.8590978816962226,2,2,4.634416897040849,1,False,False,True,False,False,False
313,0,2,1,-0.25582246236620043,1,1,-0.12491978668775715,0,False,True,False,False,True,False
314,0,3,0,-0.10500360753369486,0,0,-0.4894421904510968,0,False,True,False,True,False,False
315,0,2,0,1.0261378037100968,1,1,-0.11988611489111134,0,False,True,False,True,False,False
316,1,3,1,-0.25582246236620043,0,0,-0.4902797934380587,0,False,True,True,False,False,False
317,1,2,1,-0.40664131719870594,1,0,-0.12491978668775715,0,False,True,False,False,True,False
318,0,2,0,1.8556415052888773,0,0,-0.36653603292675563,0,False,True,False,False,False,True
319,1,1,1,0.12122467471506346,0,2,2.671117778445337,1,False,True,True,False,False,False
320,1,1,1,0.7999095214613384,1,1,2.059693773056521,1,False,False,False,False,True,False
321,0,3,0,-0.5574601720312115,0,0,-0.5024451714361923,0,False,True,False,True,False,False
322,0,3,0,-0.18041303494994762,0,0,-0.4894421904510968,0,False,True,False,True,False,False
323,1,2,1,0.04581524729881069,0,0,-0.3997582667846179,0,True,False,True,False,False,False
324,1,2,1,-0.5574601720312115,1,1,-0.06451572512800753,0,False,True,False,False,True,False
325,0,3,0,0.04581524729881069,8,2,0.7519458402879414,0,False,True,False,True,False,False
326,1,1,1,0.49827181179632735,0,0,2.0825124140450755,1,False,False,True,False,False,False
327,0,3,0,2.383507497202647,0,0,-0.5228315422126077,0,False,True,False,True,False,False
328,1,2,1,0.49827181179632735,0,0,-0.3866707201133388,1,False,True,False,False,True,False
329,1,3,1,0.12122467471506346,1,1,-0.2351571990343002,0,False,True,False,False,True,False
330,1,1,1,-1.009916736528728,0,1,0.5189714017894245,1,False,False,True,False,False,False
331,1,3,1,-0.6328695994474642,2,0,-0.18029017645086096,0,True,False,True,False,False,False
332,0,1,0,1.2146613722507287,0,0,-0.07458306872129913,1,False,True,False,True,False,False
333,0,1,0,0.6490906666288329,0,1,2.441497778832105,1,False,True,False,True,False,False
334,0,3,0,-1.009916736528728,2,0,-0.2859972841804228,0,False,True,False,True,False,False
335,1,1,1,0.42286238438007456,1,0,2.042579288947925,0,False,True,False,False,True,False
336,0,3,0,0.04581524729881069,0,0,-0.4894421904510968,0,False,True,False,True,False,False
337,0,1,0,-0.029594180117442085,1,0,0.6925485130875209,1,False,True,False,True,False,False
338,1,1,1,0.8753189488775912,0,0,2.059693773056521,1,False,False,True,False,False,False
339,1,3,0,1.1769566585426023,0,0,-0.4863374216869257,0,False,True,False,True,False,False
340,0,1,0,1.1769566585426023,0,0,0.06635974158478332,1,False,True,False,True,False,False
341,1,2,0,-2.065648720356267,1,1,-0.12491978668775715,1,False,True,False,False,False,False
342,1,1,1,-0.40664131719870594,3,2,4.647001076532463,1,False,True,True,False,False,False
343,0,2,0,-0.10500360753369486,0,0,-0.3866707201133388,0,False,True,False,True,False,False
344,0,2,0,-0.33123188978245316,0,0,-0.3866707201133388,0,False,True,False,True,False,False
345,0,2,0,0.49827181179632735,0,0,-0.3866707201133388,0,False,True,False,True,False,False
346,1,2,1,-0.40664131719870594,0,0,-0.3866707201133388,1,False,True,True,False,False,False
347,1,2,1,0.7999095214613384,0,0,-0.3866707201133388,0,False,True,True,False,False,False
348,1,3,1,0.42286238438007456,1,0,-0.32425318983493084,0,False,True,False,False,True,False
349,1,3,0,-1.9902392929400141,1,1,-0.32828012727224753,0,False,True,False,False,False,False
350,0,3,0,0.950728376293844,0,0,-0.47400492578514347,0,False,True,False,True,False,False
351,0,3,0,-0.4820507446149587,0,0,-0.4626791642426904,0,False,True,False,True,False,False
352,0,1,0,0.04581524729881069,0,0,0.05629239799149171,1,False,True,False,True,False,False
353,0,3,0,-1.085326163944981,1,1,-0.5028639729296732,0,False,False,False,True,False,False
354,0,3,0,-0.33123188978245316,1,0,-0.29002422161773944,0,False,True,False,True,False,False
355,0,3,0,0.04581524729881069,0,0,-0.5029485386158568,0,False,False,False,True,False,False
356,0,3,0,-0.10500360753369486,0,0,-0.45714212526638004,0,False,True,False,True,False,False
357,1,1,1,-0.5574601720312115,0,1,0.4589861417231558,1,False,True,True,False,False,False
358,0,2,1,0.6490906666288329,0,0,-0.3866707201133388,0,False,True,True,False,False,False
359,1,3,1,-0.6328695994474642,0,0,-0.48977642625839407,0,True,False,True,False,False,False
360,1,3,1,-0.6328695994474642,0,0,-0.48977642625839407,0,True,False,True,False,False,False
361,0,3,0,0.7999095214613384,1,4,-0.08666388103324908,0,False,True,False,True,False,False
362,0,2,0,-0.029594180117442085,1,0,-0.09027201697708476,0,False,False,False,True,False,False
363,0,3,1,1.1769566585426023,0,1,-0.3573908580066095,0,False,False,False,False,True,False
364,0,3,0,0.42286238438007456,0,0,-0.5064721088735089,0,False,True,False,True,False,False
365,0,3,0,0.04581524729881069,1,0,-0.3363340021468808,0,True,False,False,True,False,False
366,0,3,0,0.04581524729881069,0,0,-0.5024451714361923,0,False,True,False,True,False,False
367,1,1,1,2.3080980697863938,1,0,0.8667135572514657,1,False,False,False,False,True,False
368,1,3,1,0.42286238438007456,0,0,-0.5028639729296732,0,False,False,False,False,True,False
369,1,3,1,-0.6328695994474642,0,0,-0.49237782784290063,0,True,False,True,False,False,False
370,1,1,1,-0.40664131719870594,0,0,0.7469121684912956,1,False,False,False,False,True,False
371,1,1,0,-0.33123188978245316,1,0,0.4678796330534696,1,False,False,False,True,False,False
372,0,3,0,-0.8590978816962226,1,0,-0.5176307525123133,0,False,True,False,True,False,False
373,0,3,0,-0.7836884542799698,0,0,-0.4863374216869257,0,False,True,False,True,False,False
374,0,1,0,-0.5574601720312115,0,0,2.0825124140450755,0,False,False,False,True,False,False
375,0,3,1,-1.9902392929400141,3,1,-0.22408312108167944,0,False,True,True,False,False,False
376,1,1,1,0.42286238438007456,1,0,1.0060617003323709,0,False,False,False,False,True,False
377,1,3,1,-0.5574601720312115,0,0,-0.5024451714361923,0,False,True,True,False,False,False
378,0,1,0,-0.18041303494994762,0,2,3.610064686423428,1,False,False,False,True,False,False
379,0,3,0,-0.708279026863717,0,0,-0.5676312212027554,0,False,False,False,True,False,False
380,0,3,0,-0.7836884542799698,0,0,-0.4918744606632361,0,False,True,False,True,False,False
381,1,1,1,0.950728376293844,0,0,3.9327230485884233,0,False,False,True,False,False,False
382,1,3,1,-2.1410581477725197,0,2,-0.33146744825388363,0,False,False,True,False,False,False
383,0,3,0,0.19663410213131624,0,0,-0.4888542575852486,0,False,True,False,True,False,False
384,1,1,1,0.42286238438007456,1,0,0.39858208016340624,0,False,True,False,False,True,False
385,0,3,0,0.04581524729881069,0,0,-0.4894421904510968,0,False,True,False,True,False,False
386,0,2,0,-0.8590978816962226,0,0,0.8314778546749452,0,False,True,False,True,False,False
387,0,3,0,-2.1410581477725197,5,2,0.2958951755118318,0,False,True,False,False,False,False
388,1,2,1,0.49827181179632735,0,0,-0.3866707201133388,0,False,True,True,False,False,False
389,0,3,0,0.04581524729881069,0,0,-0.49279662933638163,0,True,False,False,True,False,False
390,1,2,1,-0.9345073091124754,0,0,-0.40680540729992204,0,False,False,True,False,False,False
391,1,1,0,0.49827181179632735,1,2,1.7677408088510642,1,False,True,False,True,False,False
392,1,3,0,-0.6328695994474642,0,0,-0.49145565916975514,0,False,True,False,True,False,False
393,0,3,0,-0.10500360753369486,2,0,-0.4888542575852486,0,False,True,False,True,False,False
394,1,1,1,-0.4820507446149587,1,0,1.6323350375212924,1,False,False,True,False,False,False
395,1,3,1,-0.40664131719870594,0,2,-0.312172377522981,1,False,True,False,False,True,False
396,0,3,0,-0.5574601720312115,0,0,-0.49145565916975514,0,False,True,False,True,False,False
397,0,3,1,0.12122467471506346,0,0,-0.4902797934380587,0,False,True,True,False,False,False
398,0,2,0,1.252366085958855,0,0,-0.12491978668775715,0,False,True,False,True,False,False
399,0,2,0,-0.4820507446149587,0,0,-0.43700743807979686,0,False,True,False,False,False,True
400,1,2,1,-0.10500360753369486,0,0,-0.393717860628643,0,False,True,False,False,True,False
401,1,3,0,0.7245000940450856,0,0,-0.4888542575852486,0,False,True,False,True,False,False
402,0,3,0,-0.25582246236620043,0,0,-0.4863374216869257,0,False,True,False,True,False,False
403,0,3,1,-0.6328695994474642,1,0,-0.4505983519307405,0,False,True,True,False,False,False
404,0,3,0,-0.10500360753369486,1,0,-0.32928686163157667,0,False,True,False,True,False,False
405,0,3,1,-0.708279026863717,0,0,-0.47400492578514347,0,False,True,True,False,False,False
406,0,2,0,0.3474529569638218,1,0,-0.22559322262067316,0,False,True,False,True,False,False
407,0,3,0,1.629413223040119,0,0,-0.49237782784290063,0,False,True,False,True,False,False
408,1,2,0,-1.9902392929400141,1,1,-0.2708962687904854,0,False,True,False,False,False,False
409,0,3,0,-0.6328695994474642,0,0,-0.4918744606632361,0,False,True,False,True,False,False
410,0,3,1,-0.6328695994474642,3,1,-0.13565761536436197,0,False,True,True,False,False,False
411,0,3,0,0.04581524729881069,0,0,-0.4894421904510968,0,False,True,False,True,False,False
412,0,3,0,0.04581524729881069,0,0,-0.5103319284071769,0,True,False,False,True,False,False
413,1,1,1,0.272043529547569,1,0,1.163700193253568,1,True,False,True,False,False,False
414,0,2,0,0.04581524729881069,0,0,-0.6484216535389205,0,False,True,False,True,False,False
415,1,3,0,1.1015472311263494,0,0,-0.4888542575852486,0,False,True,False,True,False,False
416,0,3,1,0.42286238438007456,0,0,-0.4863374216869257,0,False,True,False,False,True,False
417,1,2,1,0.3474529569638218,1,1,0.005955680025033696,0,False,True,False,False,True,False
418,1,2,1,-0.8590978816962226,0,2,-0.3866707201133388,0,False,True,True,False,False,False
419,0,2,0,0.04581524729881069,0,0,-0.3866707201133388,0,False,True,False,True,False,False
420,0,3,1,-1.4623733010262447,0,2,-0.1621689579829361,0,False,True,True,False,False,False
421,0,3,0,0.04581524729881069,0,0,-0.4894421904510968,0,False,False,False,True,False,False
422,0,3,0,-0.6328695994474642,0,0,-0.49271407711891657,0,True,False,False,True,False,False
423,0,3,0,-0.029594180117442085,0,0,-0.4898609919445778,0,False,True,False,True,False,False
424,0,3,1,-0.10500360753369486,1,1,-0.35848215805212236,0,False,True,False,False,True,False
425,0,3,0,-0.8590978816962226,1,1,-0.2414492887801075,0,False,True,False,True,False,False
426,0,3,0,0.04581524729881069,0,0,-0.5024451714361923,0,False,True,False,True,False,False
427,1,2,1,-0.10500360753369486,1,0,-0.12491978668775715,0,False,True,False,False,True,False
428,1,2,1,-0.7836884542799698,0,0,-0.12491978668775715,0,False,True,True,False,False,False
429,0,3,0,0.04581524729881069,0,0,-0.49237782784290063,0,True,False,False,True,False,False
430,1,3,0,0.19663410213131624,0,0,-0.4863374216869257,1,False,True,False,True,False,False
431,1,1,0,-0.10500360753369486,0,0,-0.11384570873513637,1,False,True,False,True,False,False
432,1,3,1,0.42286238438007456,1,0,-0.32425318983493084,0,False,True,False,False,True,False
433,1,2,1,0.950728376293844,1,0,-0.12491978668775715,0,False,True,False,False,True,False
434,0,3,0,-0.9345073091124754,0,0,-0.5049620073345151,0,False,True,False,True,False,False
435,0,1,0,1.5540037956238661,1,0,0.4771073601910807,1,False,True,False,True,False,False
436,1,1,1,-1.1607355913612336,1,2,1.7677408088510642,1,False,True,True,False,False,False
437,0,3,1,-0.6328695994474642,2,2,0.04370821849987721,0,False,True,True,False,False,False
438,1,2,1,-0.40664131719870594,2,3,-0.2708962687904854,0,False,True,False,False,True,False
439,0,1,0,2.609735779451405,1,4,4.647001076532463,1,False,True,False,True,False,False
440,0,2,0,0.12122467471506346,0,0,-0.43700743807979686,0,False,True,False,True,False,False
441,1,2,1,1.1769566585426023,1,1,-0.11988611489111134,0,False,True,False,False,True,False
442,0,3,0,-0.708279026863717,0,0,-0.45714212526638004,0,False,True,False,True,False,False
443,0,3,0,-0.33123188978245316,1,0,-0.4918744606632361,0,False,True,False,True,False,False
444,1,2,1,-0.10500360753369486,0,0,-0.3866707201133388,0,False,True,True,False,False,False
445,1,3,0,0.04581524729881069,0,0,-0.48507900373776425,0,False,True,False,True,False,False
446,1,1,0,-1.9148298655237614,0,2,0.9997696105865636,1,False,True,False,False,False,False
447,1,2,1,-1.2361450187774865,0,1,-0.255795253400548,0,False,True,True,False,False,False
448,1,1,0,0.3474529569638218,0,0,-0.11384570873513637,0,False,True,False,True,False,False
449,1,3,1,-1.8394204381075085,2,1,-0.26066180729354516,0,False,False,True,False,False,False
450,1,1,0,1.7048226504563717,0,0,-0.034313694348132716,1,False,True,False,False,False,True
451,0,2,0,0.49827181179632735,1,2,-0.08968408411123653,0,False,True,False,True,False,False
452,0,3,0,0.04581524729881069,1,0,-0.2463983948905696,0,False,True,False,True,False,False
453,0,1,0,0.04581524729881069,0,0,-0.08968408411123653,1,False,False,False,True,False,False
454,1,1,0,1.4785943682076135,1,0,1.145663540471827,1,False,False,False,True,False,False
455,0,3,0,0.04581524729881069,0,0,-0.4863374216869257,0,False,True,False,True,False,False
456,1,3,0,-0.029594180117442085,0,0,-0.4894421904510968,0,False,False,False,True,False,False
457,0,1,0,2.6851452068676576,0,0,-0.11384570873513637,1,False,True,False,True,False,False
458,1,1,1,0.42286238438007456,1,0,0.395813560675251,1,False,True,False,False,True,False
459,1,2,1,1.5540037956238661,0,0,-0.43700743807979686,0,False,True,True,False,False,False
460,0,3,0,0.04581524729881069,0,0,-0.49237782784290063,0,True,False,False,True,False,False
461,1,1,0,1.4031849407913606,0,0,-0.11384570873513637,1,False,True,False,True,False,False
462,0,3,0,0.3474529569638218,0,0,-0.4863374216869257,0,False,True,False,True,False,False
463,0,1,0,1.327775513375108,0,0,0.12676380314453292,1,False,True,False,True,False,False
464,0,2,0,1.4031849407913606,0,0,-0.3866707201133388,0,False,True,False,True,False,False
465,0,3,0,0.04581524729881069,0,0,-0.4863374216869257,0,False,True,False,True,False,False
466,0,3,0,0.6490906666288329,0,0,-0.5064721088735089,0,False,True,False,True,False,False
467,0,2,0,0.04581524729881069,0,0,-0.6484216535389205,0,False,True,False,True,False,False
468,0,1,0,2.0064603601213826,0,0,-0.11384570873513637,0,False,True,False,True,False,False
469,0,3,0,0.04581524729881069,0,0,-0.4928811950225652,0,True,False,False,True,False,False
470,1,3,1,-2.1599105046265827,2,1,-0.26066180729354516,0,False,False,True,False,False,False
471,0,3,0,0.04581524729881069,0,0,-0.5024451714361923,0,False,True,False,True,False,False
472,0,3,0,0.6490906666288329,0,0,-0.47400492578514347,0,False,True,False,True,False,False
473,1,2,1,0.272043529547569,1,2,-0.08968408411123653,0,False,True,False,False,True,False
474,1,2,1,-0.4820507446149587,0,0,-0.3707300882677209,1,False,False,False,False,True,False
475,0,3,1,-0.5574601720312115,0,0,-0.45034666834090825,0,False,True,True,False,False,False
476,0,1,0,0.04581524729881069,0,0,0.39858208016340624,1,False,True,False,True,False,False
477,0,2,0,0.3474529569638218,1,0,-0.22559322262067316,0,False,True,False,True,False,False
478,0,3,0,-0.029594180117442085,1,0,-0.5065566745596926,0,False,True,False,True,False,False
479,0,3,0,-0.5574601720312115,0,0,-0.4969926981460655,0,False,True,False,True,False,False
480,1,3,1,-2.065648720356267,0,1,-0.4010166847337793,0,False,True,True,False,False,False
481,0,3,0,-1.5377827284424976,5,2,0.2958951755118318,0,False,True,False,False,False,False
482,0,2,0,0.04581524729881069,0,0,-0.6484216535389205,0,False,True,False,True,False,False
483,0,3,0,1.5540037956238661,0,0,-0.4863374216869257,0,False,True,False,True,False,False
484,1,3,1,2.5343263520351518,0,0,-0.455380340137554,0,False,True,False,False,True,False
485,1,1,0,-0.33123188978245316,1,0,1.1854295476653287,1,False,False,False,True,False,False
486,0,3,1,-0.6328695994474642,3,1,-0.13565761536436197,0,False,True,True,False,False,False
487,1,1,1,0.42286238438007456,1,0,1.163700193253568,1,False,True,False,False,True,False
488,0,1,0,2.1572792149538884,0,0,-0.05042144409739929,1,False,False,False,True,False,False
489,0,3,0,0.04581524729881069,0,0,-0.4863374216869257,0,False,True,False,True,False,False
490,1,3,0,-1.5377827284424976,1,1,-0.32828012727224753,0,False,True,False,False,False,False
491,0,3,0,0.04581524729881069,1,0,-0.2463983948905696,0,False,True,False,True,False,False
492,0,3,0,-0.6328695994474642,0,0,-0.5024451714361923,0,False,True,False,True,False,False
493,0,1,0,1.93105093270513,0,0,-0.034313694348132716,1,False,True,False,True,False,False
494,0,1,0,3.137601771365174,0,0,0.3483299278831318,0,False,False,False,True,False,False
495,0,3,0,-0.6328695994474642,0,0,-0.4863374216869257,0,False,True,False,True,False,False
496,0,3,0,0.04581524729881069,0,0,-0.3573083057891445,0,False,False,False,True,False,False
497,1,1,1,1.8556415052888773,1,0,0.9274538680872313,1,False,False,True,False,False,False
498,0,3,0,0.04581524729881069,0,0,-0.3443878770215141,0,False,True,False,True,False,False
499,0,1,1,-0.33123188978245316,1,2,2.4029901895877646,1,False,True,False,False,True,False
500,0,3,0,-0.40664131719870594,0,0,-0.49145565916975514,0,False,True,False,True,False,False
501,0,3,0,-0.9345073091124754,0,0,-0.47400492578514347,0,False,True,False,True,False,False
502,0,3,1,-0.6328695994474642,0,0,-0.49237782784290063,0,True,False,True,False,False,False
503,0,3,1,-0.6328695994474642,0,0,-0.4948100980550399,0,True,False,True,False,False,False
504,0,3,1,0.5736812392125801,0,0,-0.455380340137554,0,False,True,True,False,False,False
505,1,1,1,-1.009916736528728,0,0,1.093228788100527,1,False,True,True,False,False,False
506,0,1,0,-0.8590978816962226,1,0,1.5442457810799908,1,False,False,False,True,False,False
507,1,2,1,0.272043529547569,0,2,-0.12491978668775715,0,False,True,False,False,True,False
508,1,1,0,0.04581524729881069,0,0,-0.11384570873513637,0,False,True,False,True,False,False
509,0,3,0,-0.10500360753369486,0,0,-0.1948878246611338,0,False,True,False,True,False,False
510,1,3,0,-0.25582246236620043,0,0,0.48910360681684706,0,False,True,False,True,False,False
511,1,3,0,-0.029594180117442085,0,0,-0.49237782784290063,0,True,False,False,True,False,False
512,0,3,0,0.04581524729881069,0,0,-0.4863374216869257,0,False,True,False,True,False,False
513,1,1,0,0.49827181179632735,0,0,-0.11913106412161445,1,False,True,False,True,False,False
514,1,1,1,1.8556415052888773,1,0,0.5475787653441219,0,False,False,False,False,True,False
515,0,3,0,-0.40664131719870594,0,0,-0.4974960653257301,0,False,True,False,True,False,False
516,0,1,0,1.327775513375108,0,0,0.036576512298389464,1,False,True,False,True,False,False
517,1,2,1,0.3474529569638218,0,0,-0.43700743807979686,1,False,True,False,False,True,False
518,0,3,0,0.04581524729881069,0,0,-0.1621689579829361,0,True,False,False,True,False,False
519,1,2,1,0.49827181179632735,1,0,-0.12491978668775715,0,False,True,False,False,True,False
520,0,3,0,0.19663410213131624,0,0,-0.4894421904510968,0,False,True,False,True,False,False
521,1,1,1,0.04581524729881069,0,0,1.2341715984066093,1,False,True,True,False,False,False
522,0,3,0,-0.5574601720312115,0,0,-0.4894421904510968,0,False,True,False,True,False,False
523,0,3,0,0.04581524729881069,0,0,-0.5029485386158568,0,False,False,False,True,False,False
524,1,1,1,1.1015472311263494,0,1,0.5189714017894245,1,False,False,False,False,True,False
525,0,3,0,0.04581524729881069,0,0,-0.5028639729296732,0,False,False,False,True,False,False
526,0,3,0,0.8376142351694648,0,0,-0.49237782784290063,0,True,False,False,True,False,False
527,1,2,1,1.5540037956238661,0,0,-0.43700743807979686,0,False,True,True,False,False,False
528,0,1,0,0.04581524729881069,0,0,3.817033162951754,1,False,True,False,True,False,False
529,0,3,0,0.7245000940450856,0,0,-0.4888542575852486,0,False,True,False,True,False,False
530,0,2,0,-0.4820507446149587,2,1,-0.41687275089321363,0,False,True,False,True,False,False
531,1,2,1,-2.065648720356267,1,1,-0.12491978668775715,0,False,True,True,False,False,False
532,0,3,0,0.04581524729881069,0,0,-0.5028639729296732,0,False,False,False,True,False,False
533,0,3,0,-0.9345073091124754,1,1,-0.5028639729296732,0,False,False,False,True,False,False
534,1,3,1,0.42286238438007456,0,2,-0.19824427701513722,0,False,False,False,False,True,False
535,0,3,1,0.04581524729881069,0,0,-0.47400492578514347,0,False,True,True,False,False,False
536,1,2,1,-1.6886015832750032,0,2,-0.11988611489111134,0,False,True,True,False,False,False
537,0,1,0,1.1769566585426023,0,0,-0.11384570873513637,1,False,True,False,False,False,True
538,1,1,1,0.04581524729881069,0,0,1.4944124302931971,0,False,False,True,False,False,False
539,0,3,0,0.04581524729881069,0,0,-0.35646868933346404,0,False,True,False,True,False,False
540,1,1,1,-0.5574601720312115,0,2,0.3482453621969482,1,False,False,True,False,False,False
541,1,1,1,0.49827181179632735,0,2,0.7811411367084872,1,False,True,True,False,False,False
542,0,3,1,-1.5377827284424976,4,2,-0.01870931177853076,0,False,True,True,False,False,False
543,0,3,1,-1.386963873609992,4,2,-0.01870931177853076,0,False,True,True,False,False,False
544,1,2,0,0.19663410213131624,1,0,-0.12491978668775715,0,False,True,False,True,False,False
545,0,1,0,1.5540037956238661,1,0,1.4944124302931971,1,False,False,False,True,False,False
546,0,1,0,2.609735779451405,0,0,-0.12491978668775715,0,False,True,False,True,False,False
547,1,2,1,-0.7836884542799698,1,0,-0.12491978668775715,0,False,True,False,False,True,False
548,1,2,0,0.04581524729881069,0,0,-0.3693045524149108,0,False,False,False,True,False,False
549,0,3,0,0.272043529547569,1,1,-0.2351571990343002,0,False,True,False,True,False,False
550,1,2,0,-1.6131921558587503,1,1,0.09152810056801232,0,False,True,False,False,False,False
551,1,1,0,-0.9345073091124754,0,2,1.5841789061771412,1,False,False,False,True,False,False
552,0,2,0,-0.18041303494994762,0,0,-0.12491978668775715,0,False,True,False,True,False,False
553,0,3,0,0.04581524729881069,0,0,-0.49078316061772326,0,True,False,False,True,False,False
554,1,3,0,-0.5574601720312115,0,0,-0.5029485386158568,0,False,False,False,True,False,False
555,1,3,1,-0.5574601720312115,0,0,-0.4918744606632361,0,False,True,True,False,False,False
556,0,1,0,2.458916924618899,0,0,-0.11384570873513637,0,False,True,False,True,False,False
557,1,1,1,1.4031849407913606,1,0,0.1489119590497745,1,False,False,False,False,False,True
558,0,1,0,0.04581524729881069,0,0,3.9327230485884233,0,False,False,False,True,False,False
559,1,1,1,0.7245000940450856,1,1,0.955306180872432,1,False,True,False,False,True,False
560,1,3,1,0.49827181179632735,1,0,-0.29807809649237277,0,False,True,False,False,True,False
561,0,3,0,0.04581524729881069,0,0,-0.49237782784290063,0,True,False,False,True,False,False
562,0,3,0,0.7999095214613384,0,0,-0.4894421904510968,0,False,True,False,True,False,False
563,0,2,0,-0.10500360753369486,0,0,-0.3766033765200472,0,False,True,False,True,False,False
564,0,3,0,0.04581524729881069,0,0,-0.4863374216869257,0,False,True,False,True,False,False
565,0,3,1,-0.6328695994474642,0,0,-0.4863374216869257,0,False,True,True,False,False,False
566,0,3,0,-0.40664131719870594,2,0,-0.1621689579829361,0,False,True,False,True,False,False
567,0,3,0,-0.7836884542799698,0,0,-0.4894421904510968,0,False,True,False,True,False,False
568,0,3,1,-0.029594180117442085,0,4,-0.22408312108167944,0,False,True,False,False,True,False
569,0,3,0,0.04581524729881069,0,0,-0.5028639729296732,0,False,False,False,True,False,False
570,1,3,0,0.19663410213131624,0,0,-0.4902797934380587,0,False,True,False,True,False,False
571,1,2,0,2.458916924618899,0,0,-0.43700743807979686,0,False,True,False,True,False,False
572,1,1,1,1.7802320778726244,2,0,0.38809593507663365,1,False,True,False,False,True,False
573,1,1,0,0.49827181179632735,0,0,-0.11711759540295616,1,False,True,False,True,False,False
574,1,3,1,-0.6328695994474642,0,0,-0.49237782784290063,0,True,False,True,False,False,False
575,0,3,0,-1.009916736528728,0,0,-0.4863374216869257,0,False,True,False,True,False,False
576,0,3,0,-0.7836884542799698,0,0,-0.35646868933346404,0,False,True,False,True,False,False
577,1,2,1,0.3474529569638218,0,0,-0.3866707201133388,0,False,True,True,False,False,False
578,1,1,1,0.7245000940450856,1,0,0.4771073601910807,1,False,True,False,False,True,False
579,0,3,1,0.42286238438007456,1,0,-0.3573083057891445,0,False,False,False,False,True,False
580,1,3,0,0.19663410213131624,0,0,-0.4888542575852486,0,False,True,False,True,False,False
581,1,2,1,-0.33123188978245316,1,1,-0.04438103794142432,0,False,True,True,False,False,False
582,1,1,1,0.7245000940450856,1,1,1.5841789061771412,1,False,False,False,False,True,False
583,0,2,0,1.8556415052888773,0,0,-0.12491978668775715,0,False,True,False,True,False,False
584,0,1,0,0.49827181179632735,0,0,0.15948266982273065,1,False,False,False,True,False,False
585,0,3,0,0.04581524729881069,0,0,-0.47299819142581434,0,False,False,False,True,False,False
586,1,1,1,-0.8590978816962226,0,2,0.955306180872432,1,False,True,True,False,False,False
587,0,2,0,1.327775513375108,0,0,-0.3464013457401724,0,False,True,False,True,False,False
588,1,1,0,2.3080980697863938,1,1,0.9462455716384695,1,False,False,False,True,False,False
589,0,3,0,-0.5574601720312115,0,0,-0.4863374216869257,0,False,True,False,True,False,False
590,0,3,0,0.04581524729881069,0,0,-0.4863374216869257,0,False,True,False,True,False,False
591,0,3,0,0.42286238438007456,0,0,-0.5049620073345151,0,False,True,False,True,False,False
592,1,1,1,1.7048226504563717,1,0,0.9274538680872313,1,False,False,False,False,True,False
593,0,3,0,1.327775513375108,0,0,-0.5024451714361923,0,False,True,False,True,False,False
594,0,3,1,-0.6328695994474642,0,2,-0.49237782784290063,0,True,False,True,False,False,False
595,0,2,0,0.5736812392125801,1,0,-0.12491978668775715,0,False,True,False,True,False,False
596,0,3,0,0.49827181179632735,1,1,-0.1621689579829361,0,False,True,False,True,False,False
597,1,2,1,-0.6328695994474642,0,0,0.016023023618325298,0,False,True,True,False,False,False
598,0,3,0,1.4785943682076135,0,0,-0.6484216535389205,0,False,True,False,True,False,False
599,0,3,0,0.04581524729881069,0,0,-0.5029485386158568,0,False,False,False,True,False,False
600,1,1,0,1.4785943682076135,1,0,0.49782998024351216,1,False,False,False,False,False,True
601,1,2,1,-0.40664131719870594,2,1,-0.10478509950117394,0,False,True,False,False,True,False
602,0,3,0,0.04581524729881069,0,0,-0.4894421904510968,0,False,True,False,True,False,False
603,0,1,0,0.04581524729881069,0,0,0.2052890831722074,0,False,True,False,True,False,False
604,0,3,0,1.1015472311263494,0,0,-0.4863374216869257,0,False,True,False,True,False,False
605,1,1,0,0.42286238438007456,0,0,-0.11384570873513637,0,False,False,False,True,False,False
606,0,3,0,0.49827181179632735,1,0,-0.3353272677875516,0,False,True,False,True,False,False
607,0,3,0,0.04581524729881069,0,0,-0.4894421904510968,0,False,True,False,True,False,False
608,1,1,0,-0.18041303494994762,0,0,-0.034313694348132716,0,False,True,False,True,False,False
609,1,2,1,-0.5574601720312115,1,2,0.18876253192945994,0,False,False,False,False,True,False
610,1,1,1,0.7999095214613384,0,0,2.441497778832105,1,False,True,True,False,False,False
611,0,3,1,0.7245000940450856,1,5,-0.01870931177853076,0,False,True,False,False,True,False
612,0,3,0,0.04581524729881069,0,0,-0.5064721088735089,0,False,True,False,True,False,False
613,1,3,1,-0.6328695994474642,1,0,-0.3363340021468808,0,True,False,True,False,False,False
614,0,3,0,0.04581524729881069,0,0,-0.49237782784290063,0,True,False,False,True,False,False
615,0,3,0,0.42286238438007456,0,0,-0.4863374216869257,0,False,True,False,True,False,False
616,1,2,1,-0.40664131719870594,1,2,0.6603330135889879,0,False,True,True,False,False,False
617,0,3,0,0.3474529569638218,1,1,-0.35848215805212236,0,False,True,False,True,False,False
618,0,3,1,-0.25582246236620043,1,0,-0.32425318983493084,0,False,True,False,False,True,False
619,1,2,1,-1.9148298655237614,2,1,0.13683114673782454,1,False,True,True,False,False,False
620,0,2,0,-0.25582246236620043,0,0,-0.43700743807979686,0,False,True,False,True,False,False
621,0,3,0,-0.18041303494994762,1,0,-0.3573908580066095,0,False,False,False,True,False,False
622,1,1,0,0.950728376293844,1,0,0.40974072380221066,1,False,True,False,True,False,False
623,1,3,0,-0.708279026863717,1,1,-0.33146744825388363,0,False,False,False,True,False,False
624,0,3,0,-0.6328695994474642,0,0,-0.4902797934380587,0,False,True,False,True,False,False
625,0,3,0,-0.6328695994474642,0,0,-0.32425318983493084,0,False,True,False,True,False,False
626,0,1,0,2.383507497202647,0,0,0.002347544081197954,1,False,True,False,True,False,False
627,0,2,0,2.0818697875376357,0,0,-0.3997582667846179,0,True,False,False,False,False,True
628,1,1,1,-0.6328695994474642,0,0,0.921244330558889,1,False,True,True,False,False,False
629,0,3,0,-0.25582246236620043,0,0,-0.4894421904510968,0,False,True,False,True,False,False
630,0,3,0,0.04581524729881069,0,0,-0.49271407711891657,0,True,False,False,True,False,False
631,1,1,0,3.816286618111449,0,0,-0.04438103794142432,1,False,True,False,True,False,False
632,0,3,0,1.629413223040119,0,0,-0.5063875431873253,0,False,True,False,True,False,False
633,1,1,0,0.19663410213131624,0,0,-0.034313694348132716,1,False,False,False,False,False,True
634,0,1,0,0.04581524729881069,0,0,-0.6484216535389205,0,False,True,False,True,False,False
635,0,3,1,-1.5377827284424976,3,2,-0.08666388103324908,0,False,True,True,False,False,False
636,1,2,1,-0.10500360753369486,0,0,-0.3866707201133388,0,False,True,True,False,False,False
637,0,3,0,0.19663410213131624,0,0,-0.4888542575852486,0,False,True,False,True,False,False
638,0,2,0,0.12122467471506346,1,1,-0.11988611489111134,0,False,True,False,True,False,False
639,0,3,1,0.8753189488775912,0,5,0.1506737441786005,0,False,True,False,False,True,False
640,0,3,0,0.04581524729881069,1,0,-0.32425318983493084,0,False,True,False,True,False,False
641,0,3,0,-0.708279026863717,0,0,-0.4902797934380587,0,False,True,False,True,False,False
642,1,1,1,-0.40664131719870594,0,0,0.7469121684912956,1,False,False,True,False,False,False
643,0,3,1,-2.065648720356267,3,2,-0.08666388103324908,0,False,True,True,False,False,False
644,1,3,0,0.04581524729881069,0,0,0.48910360681684706,0,False,True,False,True,False,False
645,1,3,1,-2.1599105046265827,2,1,-0.26066180729354516,0,False,False,True,False,False,False
646,1,1,0,1.4031849407913606,1,0,0.8964967865378598,1,False,False,False,True,False,False
647,0,3,0,-0.7836884542799698,0,0,-0.4894421904510968,0,False,True,False,True,False,False
648,1,1,0,2.0064603601213826,0,0,0.06635974158478332,1,False,False,False,False,False,True
649,0,3,0,0.04581524729881069,0,0,-0.49640476528021726,0,False,True,False,True,False,False
650,1,3,1,-0.4820507446149587,0,0,-0.49640476528021726,0,False,True,True,False,False,False
651,0,3,0,0.04581524729881069,0,0,-0.4894421904510968,0,False,True,False,True,False,False
652,1,2,1,-0.8590978816962226,0,1,-0.18532384824750675,0,False,True,True,False,False,False
653,0,3,0,-0.6328695994474642,0,0,-0.47861979608830835,0,False,True,False,True,False,False
654,1,3,1,-0.6328695994474642,0,0,-0.49078316061772326,0,True,False,True,False,False,False
655,0,3,1,-0.8590978816962226,0,0,-0.5125125150294839,0,True,False,True,False,False,False
656,0,2,0,-0.40664131719870594,2,0,0.8314778546749452,0,False,True,False,True,False,False
657,0,3,0,0.04581524729881069,0,0,-0.4894421904510968,0,False,True,False,True,False,False
658,0,3,1,0.19663410213131624,1,1,-0.3363340021468808,0,True,False,False,False,True,False
659,0,2,0,-0.4820507446149587,0,0,-0.3866707201133388,0,False,True,False,True,False,False
660,0,1,0,2.1572792149538884,0,2,1.6323350375212924,1,False,False,False,True,False,False
661,1,1,0,1.5540037956238661,2,0,2.042579288947925,0,False,True,False,False,False,True
662,0,3,0,0.7999095214613384,0,0,-0.5029485386158568,0,False,False,False,True,False,False
663,0,1,0,1.327775513375108,0,0,-0.13322534515222276,1,False,True,False,True,False,False
664,0,3,0,0.49827181179632735,0,0,-0.4974960653257301,0,False,True,False,True,False,False
665,1,3,0,-0.708279026863717,1,0,-0.4888542575852486,0,False,True,False,True,False,False
666,0,2,0,0.19663410213131624,2,0,0.8314778546749452,0,False,True,False,True,False,False
667,0,2,0,-0.33123188978245316,0,0,-0.3866707201133388,0,False,True,False,True,False,False
668,0,3,0,0.04581524729881069,0,0,-0.4918744606632361,0,False,True,False,True,False,False
669,0,3,0,1.0261378037100968,0,0,-0.4863374216869257,0,False,True,False,True,False,False
670,1,1,1,0.42286238438007456,1,0,0.39858208016340624,1,False,True,False,False,True,False
671,1,2,1,0.7999095214613384,1,1,0.13683114673782454,0,False,True,False,False,True,False
672,0,1,0,0.12122467471506346,1,0,0.39858208016340624,1,False,True,False,True,False,False
673,0,2,0,3.0621923439489214,0,0,-0.43700743807979686,0,False,True,False,True,False,False
674,1,2,0,0.12122467471506346,0,0,-0.3866707201133388,0,False,True,False,True,False,False
675,0,2,0,0.04581524729881069,0,0,-0.6484216535389205,0,False,True,False,True,False,False
676,0,3,0,-0.8590978816962226,0,0,-0.4918744606632361,0,False,True,False,True,False,False
677,0,3,0,-0.36893660349057955,0,0,-0.4863374216869257,0,False,True,False,True,False,False
678,1,3,1,-0.8590978816962226,0,0,-0.45026210265472455,0,False,True,True,False,False,False
679,0,3,1,1.0261378037100968,1,6,0.2958951755118318,0,False,True,False,False,True,False
680,1,1,0,0.49827181179632735,0,1,9.667166525013505,1,False,False,False,True,False,False
681,0,3,1,-0.6328695994474642,0,0,-0.48457563655809965,0,True,False,True,False,False,False
682,1,1,0,-0.18041303494994762,0,0,0.8964967865378598,1,False,False,False,True,False,False
683,0,3,0,-0.708279026863717,0,0,-0.4626791642426904,0,False,True,False,True,False,False
684,0,3,0,-1.1607355913612336,5,2,0.2958951755118318,0,False,True,False,True,False,False
685,0,2,0,2.3080980697863938,1,1,0.13683114673782454,0,False,True,False,True,False,False
686,0,2,0,-0.33123188978245316,1,2,0.18876253192945994,0,False,False,False,True,False,False
687,0,3,0,-1.1607355913612336,4,1,0.1506737441786005,0,False,True,False,True,False,False
688,0,3,0,-0.7836884542799698,0,0,-0.44363577710162005,0,False,True,False,True,False,False
689,0,3,0,-0.8590978816962226,0,0,-0.49145565916975514,0,False,True,False,True,False,False
690,1,1,1,-1.085326163944981,0,1,3.6067927997556075,1,False,True,True,False,False,False
691,1,1,0,0.12122467471506346,1,0,0.49925551609632224,1,False,True,False,True,False,False
692,1,3,1,-1.9148298655237614,0,1,-0.37828059596268965,0,False,False,True,False,False,False
693,1,3,0,0.04581524729881069,0,0,0.48910360681684706,0,False,True,False,True,False,False
694,0,3,0,-0.33123188978245316,0,0,-0.5029485386158568,0,False,False,False,True,False,False
695,0,1,0,2.3080980697863938,0,0,-0.11384570873513637,0,False,True,False,False,False,True
696,0,2,0,1.7048226504563717,0,0,-0.3766033765200472,0,False,True,False,True,False,False
697,0,3,0,1.1015472311263494,0,0,-0.4863374216869257,0,False,True,False,True,False,False
698,1,3,1,-0.6328695994474642,0,0,-0.49271407711891657,0,True,False,True,False,False,False
699,0,1,0,1.4785943682076135,1,1,1.5841789061771412,1,False,False,False,True,False,False
700,0,3,0,0.950728376293844,0,0,-0.494391296561559,1,False,True,False,True,False,False
701,1,1,1,-0.8590978816962226,1,0,3.9327230485884233,1,False,False,False,False,True,False
702,1,1,0,0.42286238438007456,0,0,-0.11913106412161445,1,False,True,False,True,False,False
703,0,3,1,-0.8590978816962226,0,1,-0.3573908580066095,0,False,False,True,False,False,False
704,0,3,0,-0.33123188978245316,0,0,-0.4925449457465493,0,True,False,False,True,False,False
705,0,3,0,-0.25582246236620043,1,0,-0.4902797934380587,0,False,True,False,True,False,False
706,0,2,0,0.7245000940450856,0,0,-0.12491978668775715,0,False,True,False,True,False,False
707,1,2,1,1.1769566585426023,0,0,-0.3766033765200472,0,False,True,False,False,True,False
708,1,1,0,0.950728376293844,0,0,-0.11913106412161445,1,False,True,False,True,False,False
709,1,1,1,-0.5574601720312115,0,0,2.4029901895877646,0,False,True,True,False,False,False
710,1,3,0,-1.9525345792318878,1,1,-0.3414522396297103,0,False,False,False,False,False,False
711,1,1,1,-0.40664131719870594,0,0,0.3483299278831318,1,False,False,True,False,False,False
712,0,1,0,0.04581524729881069,0,0,-0.11384570873513637,1,False,True,False,True,False,False
713,1,1,0,1.4031849407913606,1,0,0.39858208016340624,1,False,True,False,True,False,False
714,0,3,0,-0.029594180117442085,0,0,-0.457478374542396,0,False,True,False,True,False,False
715,0,2,0,1.7048226504563717,0,0,-0.3866707201133388,0,False,True,False,True,False,False
716,0,3,0,-0.7836884542799698,0,0,-0.494391296561559,1,False,True,False,True,False,False
717,1,1,1,0.6490906666288329,0,0,3.9327230485884233,1,False,False,True,False,False,False
718,1,2,1,-0.18041303494994762,0,0,-0.43700743807979686,1,False,True,True,False,False,False
719,0,3,0,0.04581524729881069,0,0,-0.3363340021468808,0,True,False,False,True,False,False
720,0,3,0,0.272043529547569,0,0,-0.4918744606632361,0,False,True,False,True,False,False
721,1,2,1,-1.7640110106912559,0,1,0.016023023618325298,0,False,True,True,False,False,False
722,0,3,0,-0.9345073091124754,1,0,-0.5063875431873253,0,False,True,False,True,False,False
723,0,2,0,0.3474529569638218,0,0,-0.3866707201133388,0,False,True,False,True,False,False
724,0,2,0,1.5540037956238661,0,0,-0.3866707201133388,0,False,True,False,True,False,False
725,1,1,0,-0.18041303494994762,1,0,0.4207302360686478,1,False,True,False,True,False,False
726,0,3,0,-0.708279026863717,0,0,-0.47400492578514347,0,False,True,False,True,False,False
727,1,2,1,0.04581524729881069,3,0,-0.22559322262067316,0,False,True,False,False,True,False
728,1,3,1,-0.6328695994474642,0,0,-0.4926295114327329,0,True,False,True,False,False,False
729,0,2,0,-0.33123188978245316,1,0,-0.12491978668775715,0,False,True,False,True,False,False
730,0,3,1,-0.33123188978245316,1,0,-0.4888542575852486,0,False,True,True,False,False,False
731,1,1,1,-0.029594180117442085,0,0,3.6067927997556075,1,False,True,True,False,False,False
732,0,3,0,-1.386963873609992,0,0,-0.2701412180209885,0,False,False,False,True,False,False
733,0,2,0,0.04581524729881069,0,0,-0.6484216535389205,0,False,True,False,True,False,False
734,0,2,0,-0.4820507446149587,0,0,-0.3866707201133388,0,False,True,False,True,False,False
735,0,2,0,-0.4820507446149587,0,0,-0.3866707201133388,0,False,True,False,True,False,False
736,0,3,0,-0.06729889382556847,0,0,-0.32425318983493084,0,False,True,False,True,False,False
737,0,3,1,1.4031849407913606,1,3,0.04370821849987721,0,False,True,False,False,True,False
738,1,1,0,0.42286238438007456,0,0,9.667166525013505,1,False,False,False,True,False,False
739,0,3,0,0.04581524729881069,0,0,-0.4894421904510968,0,False,True,False,True,False,False
740,0,3,0,0.04581524729881069,0,0,-0.4894421904510968,0,False,True,False,True,False,False
741,1,1,0,0.04581524729881069,0,0,-0.04438103794142432,1,False,True,False,True,False,False
742,0,1,0,0.49827181179632735,1,0,0.9391984311231651,1,False,True,False,True,False,False
743,1,1,1,-0.6328695994474642,2,2,4.634416897040849,1,False,False,True,False,False,False
744,0,3,0,-0.40664131719870594,1,0,-0.32425318983493084,0,False,True,False,True,False,False
745,1,3,0,0.12122467471506346,0,0,-0.4888542575852486,0,False,True,False,True,False,False
746,0,1,0,3.0621923439489214,1,1,0.7811411367084872,1,False,True,False,False,False,True
747,0,3,0,-1.009916736528728,1,1,-0.24069423801061057,0,False,True,False,True,False,False
748,1,2,1,0.04581524729881069,0,0,-0.3866707201133388,0,False,True,True,False,False,False
749,0,1,0,-0.7836884542799698,1,0,0.4207302360686478,1,False,True,False,True,False,False
750,0,3,0,0.12122467471506346,0,0,-0.49237782784290063,0,True,False,False,True,False,False
751,1,2,1,-1.9148298655237614,1,1,-0.18532384824750675,0,False,True,True,False,False,False
752,1,3,0,-1.7640110106912559,0,1,-0.397241430886295,1,False,True,False,False,False,False
753,0,3,0,0.272043529547569,0,0,-0.45714212526638004,0,False,True,False,True,False,False
754,0,3,0,-0.4820507446149587,0,0,-0.4894421904510968,0,False,True,False,True,False,False
755,1,2,1,1.4031849407913606,1,2,0.6603330135889879,0,False,True,False,False,True,False
756,1,2,0,-2.1659432588198833,1,1,-0.35646868933346404,0,False,True,False,False,False,False
757,0,3,0,-0.10500360753369486,0,0,-0.49145565916975514,0,False,True,False,True,False,False
758,0,2,0,-0.8590978816962226,0,0,-0.41687275089321363,0,False,True,False,True,False,False
759,0,3,0,0.3474529569638218,0,0,-0.4863374216869257,0,False,True,False,True,False,False
760,1,1,1,0.272043529547569,0,0,1.093228788100527,1,False,True,False,False,False,True
761,0,3,0,0.04581524729881069,0,0,-0.35646868933346404,0,False,True,False,True,False,False
762,0,3,0,0.8753189488775912,0,0,-0.5049620073345151,0,False,True,False,True,False,False
763,1,3,0,-0.708279026863717,0,0,-0.5028639729296732,0,False,False,False,True,False,False
764,1,1,1,0.49827181179632735,1,2,1.7677408088510642,1,False,True,False,False,True,False
765,0,3,0,-1.009916736528728,0,0,-0.4918744606632361,0,False,True,False,True,False,False
766,1,1,1,1.629413223040119,1,0,0.921244330558889,1,False,True,False,False,True,False
767,0,1,0,1.440889654499487,0,0,0.1489119590497745,0,False,False,False,False,False,True
768,0,3,1,0.08351996100693708,0,0,-0.49237782784290063,0,True,False,True,False,False,False
769,0,3,0,0.04581524729881069,1,0,-0.1621689579829361,0,True,False,False,True,False,False
770,0,3,0,0.19663410213131624,0,0,-0.4800453319411184,0,False,True,False,True,False,False
771,0,3,0,-0.40664131719870594,0,0,-0.45714212526638004,0,False,True,False,True,False,False
772,0,3,0,1.4031849407913606,0,0,-0.4902797934380587,0,False,True,False,True,False,False
773,0,2,1,2.0818697875376357,0,0,-0.43700743807979686,1,False,True,False,False,True,False
774,0,3,0,0.04581524729881069,0,0,-0.5029485386158568,0,False,False,False,True,False,False
775,1,2,1,1.8556415052888773,1,3,-0.18532384824750675,0,False,True,False,False,True,False
776,0,3,0,-0.8590978816962226,0,0,-0.49237782784290063,0,False,True,False,True,False,False
777,0,3,0,0.04581524729881069,0,0,-0.49237782784290063,1,True,False,False,True,False,False
778,1,3,1,-1.8394204381075085,0,0,-0.397241430886295,0,False,True,True,False,False,False
779,0,3,0,0.04581524729881069,0,0,-0.4926295114327329,0,True,False,False,True,False,False
780,1,1,1,1.0261378037100968,0,1,3.6067927997556075,1,False,True,False,False,True,False
781,1,3,1,-1.2361450187774865,0,0,-0.5028639729296732,0,False,False,True,False,False,False
782,1,1,1,-0.9345073091124754,1,0,0.49925551609632224,1,False,True,False,False,True,False
783,0,1,0,-0.029594180117442085,0,0,-0.04438103794142432,1,False,True,False,True,False,False
784,0,3,0,0.04581524729881069,1,2,-0.17626323901354432,0,False,True,False,True,False,False
785,0,3,0,-0.33123188978245316,0,0,-0.5064721088735089,0,False,True,False,True,False,False
786,0,3,0,-0.33123188978245316,0,0,-0.5024451714361923,0,False,True,False,True,False,False
787,1,3,1,-0.8590978816962226,0,0,-0.4974960653257301,0,False,True,True,False,False,False
788,0,3,0,-1.6131921558587503,4,1,-0.06199888922968463,0,True,False,False,False,False,False
789,1,3,0,-2.1410581477725197,1,2,-0.23415046467497105,0,False,True,False,False,False,False
790,0,1,0,1.252366085958855,0,0,0.9462455716384695,1,False,False,False,True,False,False
791,0,3,0,0.04581524729881069,0,0,-0.49237782784290063,0,True,False,False,True,False,False
792,0,2,0,-1.009916736528728,0,0,-0.12491978668775715,0,False,True,False,True,False,False
793,0,3,1,-0.6328695994474642,8,2,0.7519458402879414,0,False,True,True,False,False,False
794,0,1,0,0.04581524729881069,0,0,-0.030371322596999754,0,False,False,False,True,False,False
795,0,3,0,-0.33123188978245316,0,0,-0.4894421904510968,0,False,True,False,True,False,False
796,0,2,0,0.7245000940450856,0,0,-0.3866707201133388,0,False,True,False,True,False,False
797,1,1,1,1.4785943682076135,0,0,-0.1263453225405672,1,False,True,False,False,False,True
798,1,3,1,0.12122467471506346,0,0,-0.4735861242916626,0,False,True,False,False,True,False
799,0,3,0,0.04581524729881069,0,0,-0.5028639729296732,0,False,False,False,True,False,False
800,0,3,1,0.04581524729881069,1,1,-0.1621689579829361,0,False,True,False,False,True,False
801,0,2,0,0.3474529569638218,0,0,-0.3866707201133388,0,False,True,False,True,False,False
802,1,2,1,0.12122467471506346,1,1,-0.11988611489111134,0,False,True,False,False,True,False
803,1,1,0,-1.386963873609992,1,2,1.7677408088510642,1,False,True,False,False,False,False
804,1,3,0,-2.1847956156739463,0,1,-0.47694056317694733,0,False,False,False,False,False,False
805,1,3,0,-0.18041303494994762,0,0,-0.5079822104125026,0,False,True,False,True,False,False
806,0,3,0,0.12122467471506346,0,0,-0.4918744606632361,0,False,True,False,True,False,False
807,0,1,0,0.7245000940450856,0,0,-0.6484216535389205,1,False,True,False,True,False,False
808,0,3,1,-0.8590978816962226,0,0,-0.4918744606632361,0,False,True,True,False,False,False
809,0,2,0,0.7245000940450856,0,0,-0.3866707201133388,0,False,True,False,True,False,False
810,1,1,1,0.272043529547569,1,0,0.4207302360686478,1,False,True,False,False,True,False
811,0,3,0,-0.25582246236620043,0,0,-0.4896093083547455,0,False,True,False,True,False,False
812,0,3,0,0.7245000940450856,0,0,-0.1621689579829361,0,False,True,False,True,False,False
813,0,2,0,0.42286238438007456,0,0,-0.43700743807979686,0,False,True,False,True,False,False
814,0,3,1,-1.7640110106912559,4,2,-0.01870931177853076,0,False,True,True,False,False,False
815,0,3,0,0.08351996100693708,0,0,-0.4863374216869257,0,False,True,False,True,False,False
816,0,1,0,0.04581524729881069,0,0,-0.6484216535389205,1,False,True,False,True,False,False
817,0,3,1,-0.4820507446149587,0,0,-0.4888542575852486,0,False,True,True,False,False,False
818,0,2,0,0.12122467471506346,1,1,0.09664633805084172,0,False,False,False,True,False,False
819,0,3,0,1.0261378037100968,0,0,-0.5185529211854588,0,False,True,False,True,False,False
820,0,3,0,-1.4623733010262447,3,2,-0.08666388103324908,0,False,True,False,False,False,False
821,1,1,1,1.7048226504563717,1,1,1.2341715984066093,1,False,True,False,False,True,False
822,1,3,0,-0.18041303494994762,0,0,-0.47400492578514347,0,False,True,False,True,False,False
823,0,1,0,0.6490906666288329,0,0,-0.6484216535389205,0,False,True,False,False,False,True
824,1,3,1,-0.18041303494994762,0,1,-0.397241430886295,1,False,True,False,False,True,False
825,0,3,0,-2.065648720356267,4,1,0.1506737441786005,0,False,True,False,False,False,False
826,0,3,0,0.04581524729881069,0,0,-0.5084855775921673,0,True,False,False,True,False,False
827,0,3,0,0.04581524729881069,0,0,0.48910360681684706,0,False,True,False,True,False,False
828,1,2,0,-2.1410581477725197,0,2,0.09664633805084172,0,False,False,False,False,False,False
829,1,3,0,0.04581524729881069,0,0,-0.49237782784290063,0,True,False,False,True,False,False
830,1,1,1,2.458916924618899,0,0,0.962353321387736,1,False,True,False,False,True,False
831,1,3,1,-1.085326163944981,1,0,-0.3573908580066095,0,False,False,False,False,True,False
832,1,2,0,-2.1538777504332827,1,1,-0.2708962687904854,0,False,True,False,False,False,False
833,0,3,0,0.04581524729881069,0,0,-0.5028639729296732,0,False,False,False,True,False,False
834,0,3,0,-0.4820507446149587,0,0,-0.4902797934380587,0,False,True,False,True,False,False
835,0,3,0,-0.8590978816962226,0,0,-0.48130374989027985,0,False,True,False,True,False,False
836,1,1,1,0.7245000940450856,1,1,1.0259447039291216,1,False,False,True,False,False,False
837,0,3,0,-0.6328695994474642,0,0,-0.47400492578514347,0,False,True,False,True,False,False
838,0,3,0,0.04581524729881069,0,0,-0.4863374216869257,0,False,True,False,True,False,False
839,1,3,0,0.19663410213131624,0,0,0.48910360681684706,0,False,True,False,True,False,False
840,1,1,0,0.04581524729881069,0,0,-0.05042144409739929,1,False,False,False,True,False,False
841,0,3,0,-0.708279026863717,0,0,-0.4888542575852486,0,False,True,False,True,False,False
842,0,2,0,-1.009916736528728,0,0,-0.43700743807979686,0,False,True,False,True,False,False
843,1,1,1,0.04581524729881069,0,0,-0.024246350754841113,0,False,False,True,False,False,False
844,0,3,0,0.38515767067194817,0,0,-0.5188046047752911,0,False,False,False,True,False,False
845,0,3,0,-0.9345073091124754,0,0,-0.47400492578514347,0,False,True,False,True,False,False
846,0,3,0,0.950728376293844,0,0,-0.49640476528021726,0,False,True,False,True,False,False
847,0,3,0,0.04581524729881069,8,2,0.7519458402879414,0,False,True,False,True,False,False
848,0,3,0,0.42286238438007456,0,0,-0.4894421904510968,0,False,False,False,True,False,False
849,0,2,0,-0.10500360753369486,0,1,0.016023023618325298,0,False,True,False,False,False,True
850,1,1,1,0.42286238438007456,1,0,1.145663540471827,1,False,False,False,False,True,False
851,0,3,0,-1.9148298655237614,4,2,-0.01870931177853076,0,False,True,False,False,False,False
852,0,3,0,3.3638300536139325,0,0,-0.4918744606632361,0,False,True,False,True,False,False
853,0,3,1,-1.5377827284424976,1,1,-0.3414522396297103,0,False,False,True,False,False,False
854,1,1,1,-1.009916736528728,0,1,0.14488502161245778,1,False,True,True,False,False,False
855,0,2,1,1.1015472311263494,1,0,-0.12491978668775715,0,False,True,False,False,True,False
856,1,3,1,-0.8590978816962226,0,1,-0.4601623283443675,0,False,True,False,False,True,False
857,1,1,1,1.1769566585426023,1,1,2.671117778445337,0,False,True,False,False,True,False
858,1,1,0,1.629413223040119,0,0,-0.11384570873513637,1,False,True,False,True,False,False
859,1,3,1,-0.40664131719870594,0,3,-0.26066180729354516,0,False,False,False,False,True,False
860,0,3,0,0.04581524729881069,0,0,-0.5028639729296732,0,False,False,False,True,False,False
861,0,3,0,0.8753189488775912,2,0,-0.36435544630444866,0,False,True,False,True,False,False
862,0,2,0,-0.6328695994474642,1,0,-0.41687275089321363,0,False,True,False,True,False,False
863,1,1,1,1.4031849407913606,0,0,-0.1263453225405672,1,False,True,False,False,True,False
864,0,3,1,-0.6328695994474642,8,2,0.7519458402879414,0,False,True,True,False,False,False
865,0,2,0,-0.40664131719870594,0,0,-0.3866707201133388,0,False,True,False,True,False,False
866,1,2,1,0.950728376293844,0,0,-0.3866707201133388,0,False,True,False,False,True,False
867,1,2,1,-0.18041303494994762,1,0,-0.3693891181010945,0,False,False,True,False,False,False
868,0,1,0,0.12122467471506346,0,0,0.3682954836973478,1,False,True,False,True,False,False
869,0,3,0,0.04581524729881069,0,0,-0.45714212526638004,0,False,True,False,True,False,False
870,1,3,0,-1.9148298655237614,1,1,-0.4242561406845337,0,False,True,False,False,False,False
871,0,3,0,-0.25582246236620043,0,0,-0.4894421904510968,0,False,True,False,True,False,False
872,1,1,1,1.327775513375108,1,1,0.40974072380221066,1,False,True,False,False,True,False
873,0,1,0,0.272043529547569,0,0,-0.5477482176060045,1,False,True,False,True,False,False
874,0,3,0,1.327775513375108,0,0,-0.46720946885967163,0,False,True,False,True,False,False
875,1,2,1,-0.10500360753369486,1,0,-0.16518916106092355,0,False,False,False,False,True,False
876,1,3,1,-1.085326163944981,0,0,-0.5029485386158568,0,False,False,True,False,False,False
877,0,3,0,-0.708279026863717,0,0,-0.45017955043725955,0,False,True,False,True,False,False
878,0,3,0,-0.7836884542799698,0,0,-0.4894421904510968,0,False,True,False,True,False,False
879,0,3,0,0.04581524729881069,0,0,-0.4894421904510968,0,False,True,False,True,False,False
880,1,1,1,2.0064603601213826,0,1,1.0259447039291216,1,False,False,False,False,True,False
881,1,2,1,-0.33123188978245316,0,1,-0.12491978668775715,0,False,True,False,False,True,False
882,0,3,0,0.272043529547569,0,0,-0.4894421904510968,0,False,True,False,True,False,False
883,0,3,1,-0.5574601720312115,0,0,-0.4366711888037809,0,False,True,True,False,False,False
884,0,2,0,-0.10500360753369486,0,0,-0.43700743807979686,0,False,True,False,True,False,False
885,0,3,0,-0.33123188978245316,0,0,-0.5064721088735089,0,False,True,False,True,False,False
886,0,3,1,0.7245000940450856,0,5,-0.06199888922968463,0,True,False,False,False,True,False
887,0,2,0,-0.18041303494994762,0,0,-0.3866707201133388,0,False,True,False,False,False,True
888,1,1,1,-0.7836884542799698,0,0,-0.04438103794142432,1,False,True,True,False,False,False
889,0,3,1,-0.6328695994474642,1,2,-0.17626323901354432,0,False,True,True,False,False,False
890,1,1,0,-0.25582246236620043,0,0,-0.04438103794142432,1,False,False,False,True,False,False
891,0,3,0,0.19663410213131624,0,0,-0.49237782784290063,0,True,False,False,True,False,False
